Name,Number,Test
John Doe,8188396414,a
Jane Doe,3233711507,a
Brad Collins,8188396414,a
Jane Austin,3233711507,a
Bret Thomas,8188396414,a
Kevin Malone,3233711507,a
Liam Neeson,8188396414,a
Chris Green,3233711507,a
Ben Andrews,8188396414,a
David Longmuir,3233711507,a
Cynthia Carey,8188396414,a
Melissa MacBeth,3233711507,a
Muhammed MacIntyre,8188396414,a
Barry French,3233711507,a
Clay Rozendal,8188396414,a
Carlos Soltero,3233711507,a
Carl Jackson,8188396414,a
Monica Federle,3233711507,a
Dorothy Badders,8188396414,a
Neola Schneider,3233711507,a
Carlos Daly,8188396414,a
Claudia Miner,3233711507,a
Allen Rosenblatt,8188396414,a
Sylvia Foulston,3233711507,a
Jim Radford,8188396414,a
Carl Ludwig,3233711507,a
Don Miller,8188396414,a
Annie Cyprus,3233711507,a
Grant Carroll,8188396414,a
Alan Barnes,3233711507,a
Jack Garza,8188396414,a
Julia West,3233711507,a
Eugene Barchas,8188396414,a
Edward Hooks,3233711507,a
Brad Eason,8188396414,a
Nicole Hansen,3233711507,a
Dorothy Wardle,8188396414,a
Aaron Bergman,3233711507,a
Don Jones,8188396414,a
Beth Thompson,3233711507,a
Frank Price,8188396414,a
Michelle Lonsdale,3233711507,a
Ann Chong,8188396414,a
Joy Bell,3233711507,a
Skye Norling,3233711507,a
Barry Weirich,8188396414,a
Adrian Hane,3233711507,a
Andrew Gjertsen,8188396414,a
Ralph Knight,3233711507,a
Beth Paige,3233711507,a
Bryan Davis,8188396414,a
Delfina Latchford,3233711507,a
Doug Bickford,8188396414,a
Jamie Kunitz,3233711507,a
Anthony Johnson,8188396414,a